Extracted Age,Identified Gender,Local Timestamp (YYYY-MM-DD HH:MM:SS)
28,Male,2026-06-17 13:54:32
28,Male,2026-06-17 13:54:32
28,Male,2026-06-17 13:54:33
28,Male,2026-06-17 13:54:33
28,Male,2026-06-17 13:54:33
28,Male,2026-06-17 13:54:33
28,Male,2026-06-17 13:54:33
28,Male,2026-06-17 13:54:33
28,Male,2026-06-17 13:54:33
28,Male,2026-06-17 13:54:33
28,Male,2026-06-17 13:54:33
28,Male,2026-06-17 13:54:33
28,Male,2026-06-17 13:54:33
28,Male,2026-06-17 13:54:33
28,Male,2026-06-17 13:54:33
28,Male,2026-06-17 13:54:33
28,Male,2026-06-17 13:54:33
28,Male,2026-06-17 13:54:33
28,Male,2026-06-17 13:54:33
28,Male,2026-06-17 13:54:33
28,Male,2026-06-17 13:54:33
28,Male,2026-06-17 13:54:34
28,Male,2026-06-17 13:54:34
28,Male,2026-06-17 13:54:34
28,Male,2026-06-17 13:54:34
28,Male,2026-06-17 13:54:34
28,Male,2026-06-17 13:54:34
28,Male,2026-06-17 13:54:34
28,Male,2026-06-17 13:54:34
28,Male,2026-06-17 13:54:34
28,Male,2026-06-17 13:54:34
28,Male,2026-06-17 13:54:34
28,Male,2026-06-17 13:54:34
28,Male,2026-06-17 13:54:34
28,Male,2026-06-17 13:54:34
28,Male,2026-06-17 13:54:34
28,Male,2026-06-17 13:54:34
28,Male,2026-06-17 13:54:34
28,Male,2026-06-17 13:54:34
28,Male,2026-06-17 13:54:34
28,Male,2026-06-17 13:54:35
28,Male,2026-06-17 13:54:35
28,Male,2026-06-17 13:54:35
28,Male,2026-06-17 13:54:35
28,Male,2026-06-17 13:54:35
28,Male,2026-06-17 13:54:35
28,Male,2026-06-17 13:54:35
28,Male,2026-06-17 13:54:35
28,Male,2026-06-17 13:54:35
28,Male,2026-06-17 13:54:35
28,Male,2026-06-17 13:54:35
28,Male,2026-06-17 13:54:35
28,Male,2026-06-17 13:54:35
28,Male,2026-06-17 13:54:35
28,Male,2026-06-17 13:54:35
28,Male,2026-06-17 13:54:35
28,Male,2026-06-17 13:54:35
28,Male,2026-06-17 13:54:35
28,Male,2026-06-17 13:54:35
28,Male,2026-06-17 13:54:36
28,Male,2026-06-17 13:54:36
28,Male,2026-06-17 13:54:36
28,Male,2026-06-17 13:54:36
28,Male,2026-06-17 13:54:36
28,Male,2026-06-17 13:54:36
28,Male,2026-06-17 13:54:36
28,Male,2026-06-17 13:54:36
28,Male,2026-06-17 13:54:36
28,Male,2026-06-17 13:54:36
28,Male,2026-06-17 13:54:36
28,Male,2026-06-17 13:54:36
28,Male,2026-06-17 13:54:36
28,Male,2026-06-17 13:54:36
28,Male,2026-06-17 13:54:36
28,Male,2026-06-17 13:54:36
28,Male,2026-06-17 13:54:36
28,Male,2026-06-17 13:54:36
28,Male,2026-06-17 13:54:37
28,Male,2026-06-17 13:54:37
28,Male,2026-06-17 13:54:37
28,Male,2026-06-17 13:54:37
28,Male,2026-06-17 13:54:37
28,Male,2026-06-17 13:54:37
28,Male,2026-06-17 13:54:37
28,Male,2026-06-17 13:54:37
28,Male,2026-06-17 13:54:37
28,Male,2026-06-17 13:54:37
28,Male,2026-06-17 13:54:37
28,Male,2026-06-17 13:54:37
28,Male,2026-06-17 13:54:37
28,Male,2026-06-17 13:54:37
28,Male,2026-06-17 13:54:37
28,Male,2026-06-17 13:54:37
28,Male,2026-06-17 13:54:37
28,Male,2026-06-17 13:54:37
28,Male,2026-06-17 13:54:37
28,Male,2026-06-17 13:54:38
28,Male,2026-06-17 13:54:38
28,Male,2026-06-17 13:54:38
28,Male,2026-06-17 13:54:38
28,Male,2026-06-17 13:54:38
28,Male,2026-06-17 13:54:38
28,Male,2026-06-17 13:54:38
28,Male,2026-06-17 13:54:38
28,Male,2026-06-17 13:54:38
28,Male,2026-06-17 13:54:38
28,Male,2026-06-17 13:54:38
28,Male,2026-06-17 13:54:38
28,Male,2026-06-17 13:54:38
28,Male,2026-06-17 13:54:38
28,Male,2026-06-17 13:54:38
28,Male,2026-06-17 13:54:38
28,Male,2026-06-17 13:54:38
28,Male,2026-06-17 13:54:38
28,Male,2026-06-17 13:54:38
28,Male,2026-06-17 13:54:39
28,Male,2026-06-17 13:54:39
28,Male,2026-06-17 13:54:39
28,Male,2026-06-17 13:54:39
28,Male,2026-06-17 13:54:39
28,Male,2026-06-17 13:54:39
28,Male,2026-06-17 13:54:39
28,Male,2026-06-17 13:54:39
28,Male,2026-06-17 13:54:39
28,Male,2026-06-17 13:54:39
28,Male,2026-06-17 13:54:39
28,Male,2026-06-17 13:54:39
28,Male,2026-06-17 13:54:39
28,Male,2026-06-17 13:54:39
28,Male,2026-06-17 13:54:39
28,Male,2026-06-17 13:54:39
28,Male,2026-06-17 13:54:39
28,Male,2026-06-17 13:54:39
28,Male,2026-06-17 13:54:39
28,Male,2026-06-17 13:54:40
28,Male,2026-06-17 13:54:40
28,Male,2026-06-17 13:54:40
28,Male,2026-06-17 13:54:40
28,Male,2026-06-17 13:54:40
28,Male,2026-06-17 13:54:40
28,Male,2026-06-17 13:54:40
28,Male,2026-06-17 13:54:40
28,Male,2026-06-17 13:54:40
28,Male,2026-06-17 13:54:40
28,Male,2026-06-17 13:54:40
28,Male,2026-06-17 13:54:40
28,Male,2026-06-17 13:54:40
28,Male,2026-06-17 13:54:40
28,Male,2026-06-17 13:54:40
28,Male,2026-06-17 13:54:40
28,Male,2026-06-17 13:54:40
28,Male,2026-06-17 13:54:40
28,Male,2026-06-17 13:54:41
28,Male,2026-06-17 13:54:41
28,Male,2026-06-17 13:54:41
28,Male,2026-06-17 13:54:41
28,Male,2026-06-17 13:54:41
28,Male,2026-06-17 13:54:41
28,Male,2026-06-17 13:54:41
28,Male,2026-06-17 13:54:41
28,Male,2026-06-17 13:54:41
28,Male,2026-06-17 13:54:41
28,Male,2026-06-17 13:54:41
28,Male,2026-06-17 13:54:41
28,Male,2026-06-17 13:54:41
28,Male,2026-06-17 13:54:41
28,Male,2026-06-17 13:54:41
28,Male,2026-06-17 13:54:41
28,Male,2026-06-17 13:54:41
28,Male,2026-06-17 13:54:41
28,Male,2026-06-17 13:54:42
28,Male,2026-06-17 13:54:42
28,Male,2026-06-17 13:54:42
28,Male,2026-06-17 13:54:42
28,Male,2026-06-17 13:54:42
28,Male,2026-06-17 13:54:42
28,Male,2026-06-17 13:54:42
28,Male,2026-06-17 13:54:42
28,Male,2026-06-17 13:54:42
28,Male,2026-06-17 13:54:42
28,Male,2026-06-17 13:54:42
28,Male,2026-06-17 13:54:42
28,Male,2026-06-17 13:54:42
28,Male,2026-06-17 13:54:42
28,Male,2026-06-17 13:54:42
28,Male,2026-06-17 13:54:42
28,Male,2026-06-17 13:54:42
28,Male,2026-06-17 13:54:42
28,Male,2026-06-17 13:54:42
28,Male,2026-06-17 13:54:42
28,Male,2026-06-17 13:54:43
28,Male,2026-06-17 13:54:43
28,Male,2026-06-17 13:54:43
28,Male,2026-06-17 13:54:43
28,Male,2026-06-17 13:54:43
28,Male,2026-06-17 13:54:43
28,Male,2026-06-17 13:54:43
28,Male,2026-06-17 13:54:43
28,Male,2026-06-17 13:54:43
28,Male,2026-06-17 13:54:43
28,Male,2026-06-17 13:54:43
28,Male,2026-06-17 13:54:43
28,Male,2026-06-17 13:54:43
28,Male,2026-06-17 13:54:43
28,Male,2026-06-17 13:54:43
28,Male,2026-06-17 13:54:43
28,Male,2026-06-17 13:54:43
28,Male,2026-06-17 13:54:43
28,Male,2026-06-17 13:54:44
28,Male,2026-06-17 13:54:44
28,Male,2026-06-17 13:54:44
28,Male,2026-06-17 13:54:44
28,Male,2026-06-17 13:54:44
28,Male,2026-06-17 13:54:44
28,Male,2026-06-17 13:54:44
28,Male,2026-06-17 13:54:44
28,Male,2026-06-17 13:54:44
28,Male,2026-06-17 13:54:44
28,Male,2026-06-17 13:54:44
28,Male,2026-06-17 13:54:44
28,Male,2026-06-17 13:54:44
28,Male,2026-06-17 13:54:44
28,Male,2026-06-17 13:54:44
28,Male,2026-06-17 13:54:44
28,Male,2026-06-17 13:54:45
28,Male,2026-06-17 13:54:45
28,Male,2026-06-17 13:54:45
28,Male,2026-06-17 13:54:45
28,Male,2026-06-17 13:54:45
28,Male,2026-06-17 13:54:45
28,Male,2026-06-17 13:54:45
28,Male,2026-06-17 13:54:45
28,Male,2026-06-17 13:54:45
28,Male,2026-06-17 13:54:45
28,Male,2026-06-17 13:54:45
28,Male,2026-06-17 13:54:45
28,Male,2026-06-17 13:54:45
28,Male,2026-06-17 13:54:45
28,Male,2026-06-17 13:54:45
28,Male,2026-06-17 13:54:45
28,Male,2026-06-17 13:54:45
28,Male,2026-06-17 13:54:46
28,Male,2026-06-17 13:54:46
28,Male,2026-06-17 13:54:46
28,Male,2026-06-17 13:54:46
28,Male,2026-06-17 13:54:46
28,Male,2026-06-17 13:54:46
28,Male,2026-06-17 13:54:46
28,Male,2026-06-17 13:54:46
28,Male,2026-06-17 13:54:46
28,Male,2026-06-17 13:54:46
28,Male,2026-06-17 13:54:46
28,Male,2026-06-17 13:54:46
28,Male,2026-06-17 13:54:46
28,Male,2026-06-17 13:54:46
28,Male,2026-06-17 13:54:46
28,Male,2026-06-17 13:54:46
28,Male,2026-06-17 13:54:46
28,Male,2026-06-17 13:54:46
28,Male,2026-06-17 13:54:47
28,Male,2026-06-17 13:54:47
28,Male,2026-06-17 13:54:47
28,Male,2026-06-17 13:54:47
28,Male,2026-06-17 13:54:47
28,Male,2026-06-17 13:54:47
28,Male,2026-06-17 13:54:47
28,Male,2026-06-17 13:54:47
28,Male,2026-06-17 13:54:47
28,Male,2026-06-17 13:54:47
28,Male,2026-06-17 13:54:47
28,Male,2026-06-17 13:54:47
28,Male,2026-06-17 13:54:47
28,Male,2026-06-17 13:54:47
28,Male,2026-06-17 13:54:47
28,Male,2026-06-17 13:54:47
28,Male,2026-06-17 13:54:47
28,Male,2026-06-17 13:54:47
28,Male,2026-06-17 13:54:48
28,Male,2026-06-17 13:54:48
28,Male,2026-06-17 13:54:48
28,Male,2026-06-17 13:54:48
28,Male,2026-06-17 13:54:48
28,Male,2026-06-17 13:54:48
28,Male,2026-06-17 13:54:48
28,Male,2026-06-17 13:54:48
28,Male,2026-06-17 13:54:48
28,Male,2026-06-17 13:54:48
28,Male,2026-06-17 13:54:48
28,Male,2026-06-17 13:54:48
28,Male,2026-06-17 13:54:48
28,Male,2026-06-17 13:54:48
28,Male,2026-06-17 13:54:48
28,Male,2026-06-17 13:54:48
28,Male,2026-06-17 13:54:48
28,Male,2026-06-17 13:54:48
28,Male,2026-06-17 13:54:49
28,Male,2026-06-17 13:54:49
28,Male,2026-06-17 13:54:49
28,Male,2026-06-17 13:54:49
28,Male,2026-06-17 13:54:49
28,Male,2026-06-17 13:54:49
28,Male,2026-06-17 13:54:49
28,Male,2026-06-17 13:54:49
28,Male,2026-06-17 13:54:49
28,Male,2026-06-17 13:54:49
28,Male,2026-06-17 13:54:49
28,Male,2026-06-17 13:54:49
28,Male,2026-06-17 13:54:49
28,Male,2026-06-17 13:54:49
28,Male,2026-06-17 13:54:49
28,Male,2026-06-17 13:54:49
28,Male,2026-06-17 13:54:49
28,Male,2026-06-17 13:54:49
28,Male,2026-06-17 13:54:50
28,Male,2026-06-17 13:54:50
28,Male,2026-06-17 13:54:50
28,Male,2026-06-17 13:54:50
28,Male,2026-06-17 13:54:50
28,Male,2026-06-17 13:54:50
28,Male,2026-06-17 13:54:50
28,Male,2026-06-17 13:54:50
28,Male,2026-06-17 13:54:50
28,Male,2026-06-17 13:54:50
28,Male,2026-06-17 13:54:50
28,Male,2026-06-17 13:54:50
28,Male,2026-06-17 13:54:50
28,Male,2026-06-17 13:54:50
28,Male,2026-06-17 13:54:50
28,Male,2026-06-17 13:54:50
28,Male,2026-06-17 13:54:50
28,Male,2026-06-17 13:54:50
28,Male,2026-06-17 13:54:51
28,Male,2026-06-17 13:54:51
28,Male,2026-06-17 13:54:51
28,Male,2026-06-17 13:54:51
28,Male,2026-06-17 13:54:51
28,Male,2026-06-17 13:54:51
28,Male,2026-06-17 13:54:51
28,Male,2026-06-17 13:54:51
28,Male,2026-06-17 13:54:51
28,Male,2026-06-17 13:54:51
28,Male,2026-06-17 13:54:51
28,Male,2026-06-17 13:54:51
28,Male,2026-06-17 13:54:51
28,Male,2026-06-17 13:54:51
28,Male,2026-06-17 13:54:51
28,Male,2026-06-17 13:54:51
28,Male,2026-06-17 13:54:51
28,Male,2026-06-17 13:54:51
28,Male,2026-06-17 13:54:52
28,Male,2026-06-17 13:54:52
28,Male,2026-06-17 13:54:52
28,Male,2026-06-17 13:54:52
28,Male,2026-06-17 13:54:52
28,Male,2026-06-17 13:54:52
28,Male,2026-06-17 13:54:52
28,Male,2026-06-17 13:54:52
28,Male,2026-06-17 13:54:52
28,Male,2026-06-17 13:54:52
28,Male,2026-06-17 13:54:52
28,Male,2026-06-17 13:54:52
28,Male,2026-06-17 13:54:52
28,Male,2026-06-17 13:54:52
28,Male,2026-06-17 13:54:52
28,Male,2026-06-17 13:54:52
28,Male,2026-06-17 13:54:52
28,Male,2026-06-17 13:54:53
28,Male,2026-06-17 13:54:53
28,Male,2026-06-17 13:54:53
28,Male,2026-06-17 13:54:53
28,Male,2026-06-17 13:54:53
28,Male,2026-06-17 13:54:53
28,Male,2026-06-17 13:54:53
28,Male,2026-06-17 13:54:53
28,Male,2026-06-17 13:54:53
28,Male,2026-06-17 13:54:53
28,Male,2026-06-17 13:54:53
28,Male,2026-06-17 13:54:53
28,Male,2026-06-17 13:54:53
28,Male,2026-06-17 13:54:53
28,Male,2026-06-17 13:54:53
28,Male,2026-06-17 13:54:53
28,Male,2026-06-17 13:54:53
28,Male,2026-06-17 13:54:53
28,Male,2026-06-17 13:54:53
28,Male,2026-06-17 13:54:54
28,Male,2026-06-17 13:54:54
28,Male,2026-06-17 13:54:54
28,Male,2026-06-17 13:54:54
28,Male,2026-06-17 13:54:54
28,Male,2026-06-17 13:54:54
28,Male,2026-06-17 13:54:54
28,Male,2026-06-17 13:54:54
28,Male,2026-06-17 13:54:54
28,Male,2026-06-17 13:54:54
28,Male,2026-06-17 13:54:54
28,Male,2026-06-17 13:54:54
28,Male,2026-06-17 13:54:54
28,Male,2026-06-17 13:54:54
28,Male,2026-06-17 13:54:54
28,Male,2026-06-17 13:54:54
28,Male,2026-06-17 13:54:54
28,Male,2026-06-17 13:54:54
28,Male,2026-06-17 13:54:55
28,Male,2026-06-17 13:54:55
28,Male,2026-06-17 13:54:55
28,Male,2026-06-17 13:54:55
28,Male,2026-06-17 13:54:55
28,Male,2026-06-17 13:54:55
28,Male,2026-06-17 13:54:55
28,Male,2026-06-17 13:54:55
28,Male,2026-06-17 13:54:55
28,Male,2026-06-17 13:54:55
28,Male,2026-06-17 13:54:55
28,Male,2026-06-17 13:54:55
28,Male,2026-06-17 13:54:55
28,Male,2026-06-17 13:54:55
28,Male,2026-06-17 13:54:55
28,Male,2026-06-17 13:54:55
28,Male,2026-06-17 13:54:55
28,Male,2026-06-17 13:54:55
28,Male,2026-06-17 13:54:56
28,Male,2026-06-17 13:54:56
28,Male,2026-06-17 13:54:56
28,Male,2026-06-17 13:54:56
28,Male,2026-06-17 13:54:56
28,Male,2026-06-17 13:54:56
28,Male,2026-06-17 13:54:56
28,Male,2026-06-17 13:54:56
28,Male,2026-06-17 13:54:56
28,Male,2026-06-17 13:54:56
28,Male,2026-06-17 13:54:56
28,Male,2026-06-17 13:54:56
28,Male,2026-06-17 13:54:56
28,Male,2026-06-17 13:54:56
28,Male,2026-06-17 13:54:56
28,Male,2026-06-17 13:54:56
28,Male,2026-06-17 13:54:56
28,Male,2026-06-17 13:54:57
28,Male,2026-06-17 13:54:57
28,Male,2026-06-17 13:54:57
28,Male,2026-06-17 13:54:57
28,Male,2026-06-17 13:54:57
28,Male,2026-06-17 13:54:57
28,Male,2026-06-17 13:54:57
28,Male,2026-06-17 13:54:57
28,Male,2026-06-17 13:54:57
26,Male,2026-06-17 14:27:26
56,Female,2026-06-17 14:27:26
60,Female,2026-06-17 14:27:26
71,Male,2026-06-17 14:27:26
61,Female,2026-06-17 14:27:26
56,Female,2026-06-17 14:27:26
44,Male,2026-06-17 14:27:26
65,Male,2026-06-17 14:27:26
57,Female,2026-06-17 14:27:26
49,Male,2026-06-17 14:27:26
46,Female,2026-06-17 14:27:26
22,Male,2026-06-17 14:27:27
24,Male,2026-06-17 14:27:27
66,Female,2026-06-17 14:27:27
24,Male,2026-06-17 14:27:27
62,Female,2026-06-17 14:27:27
49,Female,2026-06-17 14:27:27
42,Male,2026-06-17 14:27:27
60,Male,2026-06-17 14:27:27
27,Female,2026-06-17 14:27:27
54,Male,2026-06-17 14:27:27
40,Male,2026-06-17 14:27:27
50,Female,2026-06-17 14:27:27
64,Male,2026-06-17 14:27:27
56,Female,2026-06-17 14:27:27
58,Female,2026-06-17 14:27:27
22,Male,2026-06-17 14:27:27
29,Female,2026-06-17 14:27:27
23,Male,2026-06-17 14:27:27
59,Male,2026-06-17 14:27:27
47,Female,2026-06-17 14:27:27
37,Male,2026-06-17 14:27:27
35,Female,2026-06-17 14:27:27
69,Male,2026-06-17 14:27:27
63,Female,2026-06-17 14:27:27
59,Female,2026-06-17 14:27:27
55,Male,2026-06-17 14:27:27
41,Male,2026-06-17 14:27:27
62,Male,2026-06-17 14:27:27
67,Male,2026-06-17 14:27:27
22,Female,2026-06-17 14:27:27
72,Male,2026-06-17 14:27:27
31,Male,2026-06-17 14:27:28
68,Female,2026-06-17 14:27:28
32,Female,2026-06-17 14:27:28
64,Male,2026-06-17 14:27:28
43,Male,2026-06-17 14:27:28
22,Male,2026-06-17 14:27:28
20,Female,2026-06-17 14:27:28
23,Female,2026-06-17 14:27:28
45,Male,2026-06-17 14:27:28
73,Male,2026-06-17 14:27:28
57,Female,2026-06-17 14:27:28
44,Male,2026-06-17 14:27:28
59,Female,2026-06-17 14:27:28
67,Male,2026-06-17 14:27:28
29,Female,2026-06-17 14:27:28
33,Male,2026-06-17 14:27:28
30,Male,2026-06-17 14:27:28
40,Female,2026-06-17 14:27:28
63,Male,2026-06-17 14:27:28
39,Male,2026-06-17 14:27:28
56,Female,2026-06-17 14:27:28
36,Male,2026-06-17 14:27:28
64,Male,2026-06-17 14:27:28
46,Male,2026-06-17 14:27:28
67,Female,2026-06-17 14:27:28
64,Male,2026-06-17 14:27:28
56,Male,2026-06-17 14:27:28
52,Female,2026-06-17 14:27:28
26,Male,2026-06-17 14:27:29
27,Male,2026-06-17 14:27:29
34,Female,2026-06-17 14:27:29
33,Male,2026-06-17 14:27:29
31,Female,2026-06-17 14:27:29
64,Male,2026-06-17 14:27:29
19,Female,2026-06-17 14:27:29
36,Female,2026-06-17 14:27:29
61,Male,2026-06-17 14:27:29
23,Female,2026-06-17 14:27:29
20,Male,2026-06-17 14:27:29
52,Female,2026-06-17 14:27:29
37,Male,2026-06-17 14:27:29
52,Female,2026-06-17 14:27:29
36,Male,2026-06-17 14:27:29
29,Male,2026-06-17 14:27:29
34,Male,2026-06-17 14:27:29
25,Male,2026-06-17 14:27:29
58,Female,2026-06-17 14:27:29
51,Male,2026-06-17 14:27:29
64,Male,2026-06-17 14:27:29
51,Female,2026-06-17 14:27:29
66,Male,2026-06-17 14:27:29
44,Male,2026-06-17 14:27:29
60,Male,2026-06-17 14:27:29
66,Female,2026-06-17 14:27:29
52,Male,2026-06-17 14:27:29
56,Male,2026-06-17 14:27:30
67,Female,2026-06-17 14:27:30
49,Male,2026-06-17 14:27:30
21,Female,2026-06-17 14:27:30
52,Female,2026-06-17 14:27:30
73,Male,2026-06-17 14:27:30
23,Female,2026-06-17 14:27:30
42,Male,2026-06-17 14:27:30
55,Female,2026-06-17 14:27:30
50,Male,2026-06-17 14:27:30
47,Male,2026-06-17 14:27:30
33,Female,2026-06-17 14:27:30
55,Male,2026-06-17 14:27:30
59,Female,2026-06-17 14:27:30
49,Male,2026-06-17 14:27:30
49,Male,2026-06-17 14:27:30
33,Female,2026-06-17 14:27:30
44,Male,2026-06-17 14:27:30
30,Male,2026-06-17 14:27:30
50,Female,2026-06-17 14:27:30
55,Male,2026-06-17 14:27:30
73,Male,2026-06-17 14:27:30
68,Female,2026-06-17 14:27:30
59,Female,2026-06-17 14:27:31
67,Male,2026-06-17 14:27:31
56,Female,2026-06-17 14:27:31
41,Male,2026-06-17 14:27:31
32,Female,2026-06-17 14:27:31
37,Female,2026-06-17 14:27:31
26,Male,2026-06-17 14:27:31
18,Male,2026-06-17 14:27:31
70,Female,2026-06-17 14:27:31
47,Male,2026-06-17 14:27:31
26,Male,2026-06-17 14:27:31
66,Female,2026-06-17 14:27:31
63,Female,2026-06-17 14:27:31
43,Male,2026-06-17 14:27:31
46,Male,2026-06-17 14:27:31
40,Male,2026-06-17 14:27:31
44,Female,2026-06-17 14:27:31
22,Male,2026-06-17 14:27:31
59,Female,2026-06-17 14:27:31
20,Male,2026-06-17 14:27:31
60,Female,2026-06-17 14:27:31
65,Female,2026-06-17 14:27:32
31,Male,2026-06-17 14:27:32
47,Male,2026-06-17 14:27:32
37,Female,2026-06-17 14:27:32
72,Male,2026-06-17 14:27:32
31,Female,2026-06-17 14:27:32
27,Female,2026-06-17 14:27:32
22,Male,2026-06-17 14:27:32
20,Female,2026-06-17 14:27:32
65,Male,2026-06-17 14:27:32
30,Male,2026-06-17 14:27:32
52,Female,2026-06-17 14:27:32
28,Male,2026-06-17 14:27:32
24,Male,2026-06-17 14:27:32
29,Female,2026-06-17 14:27:32
71,Male,2026-06-17 14:27:32
45,Male,2026-06-17 14:27:32
30,Female,2026-06-17 14:27:32
48,Male,2026-06-17 14:27:32
40,Male,2026-06-17 14:27:32
71,Female,2026-06-17 14:27:32
57,Male,2026-06-17 14:27:32
19,Male,2026-06-17 14:27:32
44,Female,2026-06-17 14:27:32
46,Male,2026-06-17 14:27:32
55,Female,2026-06-17 14:27:32
59,Male,2026-06-17 14:27:33
41,Female,2026-06-17 14:27:33
35,Male,2026-06-17 14:27:33
70,Female,2026-06-17 14:27:33
42,Male,2026-06-17 14:27:33
20,Female,2026-06-17 14:27:33
67,Male,2026-06-17 14:27:33
24,Male,2026-06-17 14:27:33
60,Female,2026-06-17 14:27:33
55,Male,2026-06-17 14:27:33
62,Male,2026-06-17 14:27:33
20,Male,2026-06-17 14:27:33
22,Male,2026-06-17 14:27:33
66,Female,2026-06-17 14:27:33
66,Male,2026-06-17 14:27:33
47,Female,2026-06-17 14:27:33
39,Female,2026-06-17 14:27:33
21,Male,2026-06-17 14:27:33
64,Male,2026-06-17 14:27:33
39,Male,2026-06-17 14:27:33
29,Female,2026-06-17 14:27:33
46,Male,2026-06-17 14:27:33
35,Female,2026-06-17 14:27:33
56,Male,2026-06-17 14:27:33
21,Female,2026-06-17 14:27:33
56,Female,2026-06-17 14:27:33
54,Male,2026-06-17 14:27:33
68,Male,2026-06-17 14:27:33
58,Female,2026-06-17 14:27:33
60,Male,2026-06-17 14:27:33
66,Female,2026-06-17 14:27:34
25,Female,2026-06-17 14:27:34
42,Male,2026-06-17 14:27:34
22,Female,2026-06-17 14:27:34
48,Male,2026-06-17 14:27:34
22,Female,2026-06-17 14:27:34
20,Female,2026-06-17 14:27:34
63,Male,2026-06-17 14:27:34
60,Male,2026-06-17 14:27:34
23,Male,2026-06-17 14:27:34
69,Female,2026-06-17 14:27:34
55,Male,2026-06-17 14:27:34
53,Male,2026-06-17 14:27:34
31,Female,2026-06-17 14:27:34
46,Male,2026-06-17 14:27:34
59,Male,2026-06-17 14:27:34
55,Male,2026-06-17 14:27:34
33,Female,2026-06-17 14:27:34
55,Male,2026-06-17 14:27:34
40,Female,2026-06-17 14:27:34
67,Male,2026-06-17 14:27:34
65,Male,2026-06-17 14:27:34
47,Female,2026-06-17 14:27:34
57,Male,2026-06-17 14:27:34
21,Female,2026-06-17 14:27:34
21,Female,2026-06-17 14:27:35
66,Male,2026-06-17 14:27:35
37,Male,2026-06-17 14:27:35
72,Female,2026-06-17 14:27:35
24,Female,2026-06-17 14:27:35
36,Male,2026-06-17 14:27:35
64,Male,2026-06-17 14:27:35
55,Male,2026-06-17 14:27:35
51,Male,2026-06-17 14:27:35
51,Female,2026-06-17 14:27:35
54,Male,2026-06-17 14:27:35
67,Male,2026-06-17 14:27:35
60,Female,2026-06-17 14:27:35
53,Male,2026-06-17 14:27:35
74,Female,2026-06-17 14:27:36
40,Male,2026-06-17 14:27:36
47,Female,2026-06-17 14:27:36
74,Male,2026-06-17 14:27:36
67,Male,2026-06-17 14:27:36
23,Female,2026-06-17 14:27:36
55,Male,2026-06-17 14:27:36
67,Male,2026-06-17 14:27:36
63,Female,2026-06-17 14:27:36
43,Male,2026-06-17 14:27:36
43,Female,2026-06-17 14:27:37
60,Male,2026-06-17 14:27:37
53,Female,2026-06-17 14:27:37
53,Male,2026-06-17 14:27:37
43,Male,2026-06-17 14:27:37
49,Female,2026-06-17 14:27:37
37,Male,2026-06-17 14:27:37
53,Male,2026-06-17 14:27:37
34,Female,2026-06-17 14:27:37
40,Male,2026-06-17 14:27:37
36,Female,2026-06-17 14:27:38
42,Male,2026-06-17 14:27:38
54,Female,2026-06-17 14:27:38
30,Male,2026-06-17 14:27:38
53,Male,2026-06-17 14:27:38
53,Female,2026-06-17 14:27:38
51,Male,2026-06-17 14:27:38
19,Male,2026-06-17 14:27:38
58,Female,2026-06-17 14:27:38
22,Male,2026-06-17 14:27:38
56,Female,2026-06-17 14:27:39
56,Male,2026-06-17 14:27:39
25,Female,2026-06-17 14:27:39
69,Male,2026-06-17 14:27:39
60,Male,2026-06-17 14:27:39
51,Female,2026-06-17 14:27:39
70,Male,2026-06-17 14:27:39
70,Male,2026-06-17 14:27:39
50,Female,2026-06-17 14:27:39
35,Male,2026-06-17 14:27:39
29,Female,2026-06-17 14:27:40
66,Male,2026-06-17 14:27:40
67,Female,2026-06-17 14:27:40
50,Male,2026-06-17 14:27:40
47,Male,2026-06-17 14:27:40
21,Female,2026-06-17 14:27:40
61,Male,2026-06-17 14:27:40
51,Male,2026-06-17 14:27:40
38,Female,2026-06-17 14:27:40
24,Male,2026-06-17 14:27:40
69,Female,2026-06-17 14:27:41
31,Male,2026-06-17 14:27:41
20,Female,2026-06-17 14:27:41
46,Male,2026-06-17 14:27:41
21,Male,2026-06-17 14:27:41
29,Female,2026-06-17 14:27:41
58,Male,2026-06-17 14:27:41
72,Male,2026-06-17 14:27:41
39,Female,2026-06-17 14:27:41
55,Male,2026-06-17 14:27:41
50,Female,2026-06-17 14:27:42
22,Male,2026-06-17 14:27:42
22,Female,2026-06-17 14:27:42
61,Male,2026-06-17 14:27:42
38,Male,2026-06-17 14:27:42
60,Female,2026-06-17 14:27:42
29,Male,2026-06-17 14:27:42
19,Male,2026-06-17 14:27:42
40,Female,2026-06-17 14:27:42
54,Male,2026-06-17 14:27:43
22,Female,2026-06-17 14:27:43
72,Male,2026-06-17 14:27:43
28,Female,2026-06-17 14:27:43
38,Male,2026-06-17 14:27:43
48,Male,2026-06-17 14:27:43
61,Female,2026-06-17 14:27:43
55,Male,2026-06-17 14:27:43
24,Male,2026-06-17 14:27:43
64,Female,2026-06-17 14:27:43
33,Male,2026-06-17 14:27:44
28,Female,2026-06-17 14:27:44
61,Male,2026-06-17 14:27:44
73,Female,2026-06-17 14:27:44
48,Male,2026-06-17 14:27:44
35,Male,2026-06-17 14:27:44
40,Female,2026-06-17 14:27:44
65,Male,2026-06-17 14:27:44
35,Male,2026-06-17 14:27:44
52,Female,2026-06-17 14:27:45
41,Male,2026-06-17 14:27:45
65,Female,2026-06-17 14:27:45
53,Male,2026-06-17 14:27:45
64,Female,2026-06-17 14:27:45
25,Male,2026-06-17 14:27:45
58,Male,2026-06-17 14:27:45
25,Female,2026-06-17 14:27:45
31,Male,2026-06-17 14:27:45
58,Male,2026-06-17 14:27:46
20,Female,2026-06-17 14:27:46
49,Male,2026-06-17 14:27:46
29,Female,2026-06-17 14:27:46
38,Male,2026-06-17 14:27:46
61,Female,2026-06-17 14:27:46
39,Male,2026-06-17 14:27:46
74,Male,2026-06-17 14:27:46
49,Female,2026-06-17 14:27:46
40,Male,2026-06-17 14:27:47
33,Male,2026-06-17 14:27:47
36,Female,2026-06-17 14:27:47
24,Male,2026-06-17 14:27:47
59,Female,2026-06-17 14:27:47
74,Male,2026-06-17 14:27:47
71,Female,2026-06-17 14:27:47
72,Male,2026-06-17 14:27:47
35,Male,2026-06-17 14:27:47
50,Female,2026-06-17 14:27:47
53,Male,2026-06-17 14:27:48
29,Male,2026-06-17 14:27:48
29,Female,2026-06-17 14:27:48
55,Male,2026-06-17 14:27:48
20,Female,2026-06-17 14:27:48
27,Male,2026-06-17 14:27:48
20,Female,2026-06-17 14:27:48
53,Female,2026-06-17 14:27:48
25,Male,2026-06-17 14:27:48
26,Male,2026-06-17 14:27:48
62,Female,2026-06-17 14:27:48
74,Male,2026-06-17 14:27:48
43,Male,2026-06-17 14:27:49
52,Female,2026-06-17 14:27:49
73,Male,2026-06-17 14:27:49
38,Female,2026-06-17 14:27:49
62,Male,2026-06-17 14:27:49
37,Female,2026-06-17 14:27:49
31,Male,2026-06-17 14:27:49
